Customer_ID,Customer_Name,Customer_Phone,Customer_Addresss,Customer_Brithday,Customer_Occupation,Customer_Gender,Username,Password
11014,Sydney B,431-535-015*,7011 Tank Drive,08-05-1972,Labour,M  ,NULL,NULL
11012,Lauren W,717-535-016*,785 Scott Street,07-01-1972,Labour,F  ,NULL,NULL
11011,Curtis L,1 (11) 543 535-011*,224 Shoenic,14-11-1967,Labour,M  ,NULL,NULL
11016,Wyatt H,135-535-017*,666 Northridge Ct.,07-04-1983,Labour,M  ,NULL,NULL
11059,Ashlee A,1 (11) 543 535-011*,255 Highland Road,11-04-1958,Labour,F  ,NULL,NULL
11017,Shannon W,1 (11) 543 535-019*,330 Saddlehill Lane,26-06-1948,Labour,M  ,NULL,NULL
11055,Gilbert R,1 (11) 543 535-012*,811 The Trees Dr.,15-03-1956,Labour,F  ,NULL,NULL
11056,Michele N,1 (11) 543 535-017*,464 Janin Pl.,13-04-1957,Labour,M  ,NULL,NULL
11052,Heidi L,1 (11) 543 535-016*,514 Via Cordona,17-08-1955,Labour,F  ,NULL,NULL
11018,Clarence R,1 (11) 543 535-013*,44 Rivewview,19-10-1948,Labour,F  ,NULL,NULL
11015,Chloe Y,208-535-014*,44 Willow Pass Road,27-02-1983,Labour,F  ,NULL,NULL
11051,Daniel J,1 (11) 543 535-015*,85 Sunnyvale Avenue,14-08-1955,Labour,F  ,NULL,NULL
11019,Luke L,262-535-011*,832 Landing Dr,17-03-1982,Labour,M  ,NULL,NULL
11057,Carl A,1 (11) 543 535-018*,930 Lake Nadine Place,22-10-1957,Labour,F  ,NULL,NULL
11013,Ian J,817-535-018*,902 Hudson Ave.,16-08-1972,Labour,M  ,NULL,NULL
11053,Ana P,859-535-011*,660 Stonyhill Circle,20-08-1984,Labour,M  ,NULL,NULL
11050,Alan Z,1 (11) 543 535-013*,741 Gainborough Dr.,17-09-1955,Labour,F  ,NULL,NULL
11054,Deanna M,1 (11) 543 535-019*,825 B Way,20-03-1956,Labour,M  ,NULL,NULL
11010,Jacquelyn S,1 (11) 543 535-016*,800 Corrinne Court,16-02-1968,Labour,M  ,NULL,NULL
11058,Marc D,1 (11) 543 535-014*,645 Sinaloa,27-04-1958,Labour,F  ,NULL,NULL
11352,Raymond R,1 (11) 543 535-013*,4 impasse Ste-Madeleine,17-03-1944,Retiree,F  ,NULL,NULL
11312,Sara R,296-535-017*,375 Kipling Court,13-04-1957,Manager,M  ,NULL,NULL
11318,Jessica W,702-535-018*,652 Willcrest Circle,26-10-1956,Manager,M  ,NULL,NULL
11350,Cara Z,1 (11) 543 535-011*,280 Greendell Pl,24-01-1941,Retiree,M  ,NULL,NULL
11317,Victoria R,663-535-019*,268 Keller Ridge,27-09-1956,Manager,M  ,NULL,NULL
11314,Mya F,522-535-014*,439 Rio Grande Drive,21-12-1957,Manager,F  ,NULL,NULL
11319,Jade B,819-535-016*,119 Northridge Ct,27-04-1941,Retiree,F  ,NULL,NULL
11351,Anne R,1 (11) 543 535-014*,113 Eastgate Ave.,16-04-1943,Retiree,M  ,NULL,NULL
11311,Gabrielle L,783-535-017*,619 Parkside Dr.,24-08-1957,Manager,F  ,NULL,NULL
11316,Luke A,786-535-013*,19 Deermeadow Way,27-11-1957,Manager,F  ,NULL,NULL
11313,Trevor J,120-535-012*,697 Yosemite Dr.,27-02-1957,Manager,F  ,NULL,NULL
11310,Erin S,233-535-016*,541 Black Point Pl,19-07-1957,Manager,M  ,NULL,NULL
11315,Hailey W,767-535-015*,321 Maya,11-10-1957,Manager,F  ,NULL,NULL
11410,Maurice G,1 (11) 543 535-017*,5 avenue de la Gare,25-08-1972,Manager,M  ,NULL,NULL
11419,Kyle S,1 (11) 543 535-017*,381 Alpine Rd.,07-02-1949,Manager,M  ,NULL,NULL
11415,Randy S,1 (11) 543 535-014*,o?str 5538,15-06-1948,Manager,M  ,NULL,NULL
11418,Rafael H,1 (11) 543 535-015*,eiter Weg 7765,19-02-1949,Manager,M  ,NULL,NULL
11411,Devin R,1 (11) 543 535-017*,ostenweg 2428,22-02-1958,Manager,M  ,NULL,NULL
11416,Katrina B,1 (11) 543 535-015*,205 rue Malar,29-03-1949,Manager,F  ,NULL,NULL
11412,Sydney B,1 (11) 543 535-015*,ostfach 99 92 92,19-04-1958,Manager,M  ,NULL,NULL
11413,Megan S,1 (11) 543 535-011*,192 Seagull Court,25-04-1958,Manager,F  ,NULL,NULL
11414,Ian R,1 (11) 543 535-011*,26 W. Buchanan Rd.,07-03-1958,Manager,M  ,NULL,NULL
11417,Lacey Z,1 (11) 543 535-017*, rue de Linois,26-02-1949,Manager,F  ,NULL,NULL
11459,Tasha D,1 (11) 543 535-017*,627 Kendall Rd,23-10-1976,Nurse,M  ,NULL,NULL
11559,Frederick S,1 (11) 543 535-011*,otth?user Weg 636,26-12-1971,Nurse,M  ,NULL,NULL
11552,Eddie R,1 (11) 543 535-015*,eiderplatz 662,27-05-1971,Nurse,M  ,NULL,NULL
11554,Sydney S,1 (11) 543 535-019*,8 avenue de l? Union Centrale,07-09-1930,Retiree,F  ,NULL,NULL
11557,Felicia R,1 (11) 543 535-019*,557 Steven Circle,25-01-1971,Nurse,M  ,NULL,NULL
11556,Lucas E,1 (11) 543 535-015*,663 A St.,24-05-1971,Nurse,M  ,NULL,NULL
11550,Deb T,1 (11) 543 535-012*,553 Harness Circle,18-08-1972,Nurse,M  ,NULL,NULL
11558,Ivan M,1 (11) 543 535-019*,086 Nottingham Place,22-08-1971,Nurse,M  ,NULL,NULL
11535,Alexandria H,1 (11) 543 535-018*,1 rue de la Cavalerie,18-07-1930,Retiree,M  ,NULL,NULL
11551,Shannon A,1 (11) 543 535-015*,68 avenue de l?Europe,25-05-1971,Nurse,F  ,NULL,NULL
11553,Sharon L,1 (11) 543 535-011*,804 Coldwater Drive,19-09-1971,Nurse,F  ,NULL,NULL
11513,Alyssa H,805-535-018*,780 Conifer Terrace,27-09-1958,Nurse,M  ,NULL,NULL
11514,Dalton D,994-535-015*,033 Danesta Dr.,20-04-1958,Nurse,F  ,NULL,NULL
11518,Edward W,446-535-017*,747 Carmel Dr.,20-05-1959,Nurse,F  ,NULL,NULL
11519,Jerome N,934-535-019*,537 Ridgewood Drive,27-03-1959,Nurse,M  ,NULL,NULL
11517,Katherine B,802-535-013*,761 Dancing Court,20-06-1958,Nurse,F  ,NULL,NULL
11515,Shannon H,458-535-011*,679 Duke Way,25-02-1958,Nurse,F  ,NULL,NULL
11512,Natalie C,178-535-014*,481 Broadmoor Drive,23-08-1958,Nurse,M  ,NULL,NULL
11511,Caleb P,786-535-013*,324 Cherry Street,24-06-1957,Nurse,F  ,NULL,NULL
11516,Mya G,211-535-011*,826 Fine Drive,21-10-1958,Nurse,F  ,NULL,NULL
11510,Seth R,199-535-014*,989 Concord Ave,23-07-1957,Nurse,M  ,NULL,NULL
11113,Micheal B,1 (11) 543 535-013*,96 Marfargoa Drive,21-02-1966,Labour,M  ,NULL,NULL
11114,Leslie M,1 (11) 543 535-011*,941 Cristobal,07-05-1966,Labour,M  ,NULL,NULL
11116,Clinton C,1 (11) 543 535-018*,943 Cunha Ct.,17-10-1966,Labour,M  ,NULL,NULL
11115,Alvin C,1 (11) 543 535-019*,759 Azalea Avenue,22-02-1966,Labour,M  ,NULL,NULL
11112,Crystal W,1 (11) 543 535-013*,773 Kirkwood Dr,19-09-1966,Labour,F  ,NULL,NULL
11111,Meredith G,1 (11) 543 535-017*,610 Northridge Ct.,23-02-1966,Labour,M  ,NULL,NULL
11119,Evan J,1 (11) 543 535-018*,157 Sierra Ridge,20-04-1939,Retiree,F  ,NULL,NULL
11117,April D,1 (11) 543 535-018*,85 Ash Lane,21-02-1965,Labour,F  ,NULL,NULL
11158,Jason W,694-535-017*,771 Bundros Court,18-10-1979,Labour,F  ,NULL,NULL
11159,Brianna H,319-535-018*,793 Bonifacio St.,27-09-1979,Labour,F  ,NULL,NULL
11157,Hannah L,974-535-017*,832 Preston Ct.,21-06-1979,Labour,M  ,NULL,NULL
11156,Maria R,158-535-019*,452 Mariposa Ct.,17-02-1980,Labour,M  ,NULL,NULL
11150,Russell S,1 (11) 543 535-019*,755 Easley Drive,25-03-1945,Retiree,F  ,NULL,NULL
11151,Melinda G,1 (11) 543 535-011*,05 Rainier Dr.,25-02-1946,Labour,F  ,NULL,NULL
11155,Hunter R,891-535-012*,356 Mori Court,26-01-1980,Labour,F  ,NULL,NULL
11154,Megan W,918-535-018*,898 Holiday Hills,21-08-1980,Labour,F  ,NULL,NULL
11152,James W,355-535-015*,827 Seagull Court,20-01-1980,Labour,F  ,NULL,NULL
11153,Angela J,847-535-011*,877 Weatherly Drive,23-06-1980,Labour,F  ,NULL,NULL
11250,Shannon L,1 (11) 543 535-011*,185 Keywood Ct.,22-03-1959,Manager,F  ,NULL,NULL
11259,Victoria S,230-535-013*,623 Barquentine Court,27-03-1969,Manager,M  ,NULL,NULL
11258,Xavier H,559-535-014*,707 Virgil Street,07-06-1937,Retiree,F  ,NULL,NULL
11256,Katelyn H,249-535-011*,496 Deerfield Dr.,20-09-1937,Retiree,M  ,NULL,NULL
11251,Xavier L,243-535-011*,245 Dantley Way,14-07-1936,Retiree,M  ,NULL,NULL
11253,Jose H,712-535-013*,703 Donald Dr.,07-02-1937,Retiree,M  ,NULL,NULL
11254,Johnathan V,494-535-016*,430 Versailles Pl,13-03-1937,Retiree,M  ,NULL,NULL
11255,Colin L,599-535-013*,083 San Jose,14-04-1937,Retiree,F  ,NULL,NULL
11252,Nicholas T,377-535-014*,04 O St.,17-06-1936,Retiree,M  ,NULL,NULL
11217,Natalie A,300-535-015*,592 Bent Tree Lane,21-02-1954,Researcher,F  ,NULL,NULL
11219,Charles C,755-535-011*,871 Bel Air Dr.,12-12-1954,Researcher,F  ,NULL,NULL
11213,Stephanie M,293-535-015*,514 Grant Street,24-05-1953,Researcher,M  ,NULL,NULL
11218,Olivia B,414-535-014*,964 Stony Hill Circle,21-09-1954,Researcher,M  ,NULL,NULL
11215,Ana P,446-535-013*,114 Arlington Way,21-06-1954,Researcher,M  ,NULL,NULL
11216,Jasmine T,939-535-013*,328 San Francisco,20-05-1954,Researcher,F  ,NULL,NULL
11214,Charles M,389-535-011*,719 Little Dr,17-11-1953,Researcher,F  ,NULL,NULL
11257,Jacqueline P,796-535-011*,076 Northwood Dr,16-01-1937,Retiree,F  ,NULL,NULL
11210,Edward W,229-535-011*,039 Adelaide St.,18-06-1952,Researcher,M  ,NULL,NULL
11355,Roberto G,1 (11) 543 535-012*,545 Chickpea Ct.,07-12-1946,Manager,M  ,NULL,NULL
11359,Jarrod P,1 (11) 543 535-015*,657 H St.,14-09-1982,Manager,M  ,NULL,NULL
11353,Carrie O,1 (11) 543 535-011*,883 Cowell Rd.,21-06-1945,Retiree,M  ,NULL,NULL
11354,Deanna S,1 (11) 543 535-014*,unckerstr 22525,23-02-1946,Manager,M  ,NULL,NULL
11357,Ramon Y,1 (11) 543 535-014*,245 Vista Oak Dr.,23-03-1983,Manager,M  ,NULL,NULL
11356,Terrence C,1 (11) 543 535-018*,613 Thornhill Place,27-05-1984,Manager,F  ,NULL,NULL
11358,Cynthia M,1 (11) 543 535-018*,757 Pamplona Ct.,21-11-1982,Manager,F  ,NULL,NULL
